{
    "21": [
        -0.14999999999999858,
        0.3000000000000007,
        1.5707963267948966,
        "Balc\u00e3o-Infor-Saida"
    ],
    "22": [
        -0.32499999999999574,
        0.5,
        0.0,
        "Balc\u00e3o-Infor-lado-banheiro"
    ],
    "23": [
        2.950000000000003,
        0.5249999999999986,
        3.141592653589793,
        "Balc\u00e3o-Info-lado-elevador"
    ],
    "24": [
        2.8000000000000043,
        0.3249999999999993,
        1.5707963267948966,
        "Balc\u00e3o-Info-caixas-eletronicos"
    ],
    "25": [
        -15.2,
        -13.3,
        -1.5707963267948966,
        "Banheiro-PCD-Fem"
    ],
    "26": [
        -21.599999999999998,
        -13.725000000000001,
        -1.5707963267948966,
        "Banheiro-PCD-Masc"
    ],
    "27": [
        -23.549999999999997,
        -5.574999999999999,
        2.356194490192346,
        "Coluna-Escada-Rolante"
    ],
    "28": [
        11.25,
        -0.25,
        0.0,
        "Atras-Elevador"
    ],
    "29": [
        13.825000000000003,
        0.5,
        3.141592653589793,
        "Elevador-Esquerdo"
    ],
    "30": [
        15.325000000000003,
        -4.925000000000001,
        -1.5707963267948966,
        "Caixa-Eletr\u00f4nico"
    ],
    "31": [
        13.675000000000004,
        -0.5249999999999986,
        1.5707963267948966,
        "Elevador-lado-caixas-eletr\u00f4nicos"
    ],
    "32": [
        20.049999999999997,
        -1.6750000000000007,
        0.0,
        "Quiosque-Cerveja"
    ],
    "33": [
        -20.4,
        -10.225000000000001,
        0.0,
        "Banheiro-Masc-Esq"
    ],
    "34": [
        -22.375,
        -10.275000000000002,
        3.141592653589793,
        "Banheiro-Masc-Dir"
    ],
    "35": [
        -14.575,
        -9.95,
        0.0,
        "Banheiro-Fem-Esq"
    ],
    "36": [
        -16.375,
        -9.95,
        3.141592653589793,
        "Banheiro_Fem_Dir"
    ],
    "37": [
        -0.5,
        -4.524999999999999,
        -0.012657551834053033,
        "Lixo-cxeletronico"
    ]
}
