{
    "5": [
        -6.116666666666668,
        17.25,
        1.5440170157751303,
        "padaria"
    ],
    "6": [
        -3.166666666666668,
        17.28333333333333,
        2.099826797874546,
        "padari2"
    ],
    "7": [
        1.5166666666666657,
        -0.8500000000000014,
        -0.08490179344972007,
        ""
    ],
    "8": [
        1.5333333333333314,
        -0.766666666666668,
        -1.5707963267948966,
        ""
    ]
}