{
    "40": [
        3.5166666666666657,
        0.5833333333333334,
        0.0,
        "Recep\u00e7\u00e3o"
    ],
    "41": [
        1.3666666666666647,
        2.866666666666665,
        1.5707963267948966,
        ""
    ],
    "42": [
        1.2333333333333318,
        7.233333333333332,
        3.141592653589793,
        "Reuni\u00e3o 1"
    ],
    "43": [
        1.6833333333333325,
        7.816666666666667,
        1.5707963267948966,
        ""
    ],
    "44": [
        5.3,
        8.066666666666668,
        1.5707963267948966,
        ""
    ],
    "45": [
        6.199999999999998,
        7.583333333333333,
        0.0,
        ""
    ],
    "46": [
        5.933333333333333,
        0.5333333333333314,
        -1.5707963267948966,
        "cafeteria"
    ],
    "47": [
        6.349999999999999,
        2.6833333333333322,
        1.5707963267948966,
        "Cafeteria parede branca"
    ]
}