{
    "19": [
        1.6285714285714294,
        -0.028571428571431006,
        0.0,
        "Inicio"
    ],
    "20": [
        19.7,
        -2.82857142857143,
        1.5707963267948966,
        "Servi\u00e7o"
    ],
    "21": [
        18.114285714285717,
        -11.471428571428573,
        3.141592653589793,
        "Bebedouro"
    ],
    "22": [
        19.428571428571427,
        -16.042857142857144,
        -1.5707963267948966,
        "Benheiro Familia"
    ],
    "23": [
        28.0,
        2.2142857142857144,
        0.0,
        "Lixeira-Bolo-de-rolo"
    ],
    "24": [
        38.2,
        18.157142857142855,
        3.141592653589793,
        "Assento-Portao1"
    ],
    "25": [
        37.82857142857143,
        -12.22857142857143,
        3.141592653589793,
        "Assento-Portao2"
    ]
}