{
    "49": [
        6.2,
        0.5600000000000023,
        0.0,
        ""
    ],
    "50": [
        7.540000000000001,
        0.5800000000000012,
        3.141592653589793,
        ""
    ],
    "51": [
        7.44,
        -0.8599999999999994,
        3.141592653589793,
        ""
    ],
    "52": [
        8.6,
        -0.5199999999999989,
        0.0,
        ""
    ],
    "53": [
        10.0,
        0.8,
        3.141592653589793,
        ""
    ],
    "54": [
        11.1,
        0.7600000000000022,
        0.0,
        ""
    ],
    "55": [
        14.860000000000003,
        0.3200000000000017,
        3.141592653589793,
        ""
    ],
    "56": [
        28.1,
        1.5200000000000018,
        0.0,
        ""
    ],
    "57": [
        27.1,
        10.940000000000003,
        1.5707963267948966,
        ""
    ],
    "58": [
        29.740000000000002,
        17.6,
        1.5707963267948966,
        ""
    ],
    "59": [
        29.720000000000006,
        18.4,
        -1.5707963267948966,
        ""
    ],
    "60": [
        26.4,
        19.580000000000002,
        -2.5269297016676266,
        ""
    ],
    "61": [
        25.400, 30.980,
        1.5707963267948966,
        ""
    ],
    "62": [
        28.580000000000002,
        42.38000000000001,
        1.5707963267948966,
        ""
    ],
    "63": [
        28.440, 45.460,
        1.5707963267948966,
        ""
    ],
    "64": [
        28.460, 46.540,
        -1.5707963267948966,
        ""
    ],
    "65": [
        25.340, 51.560,
        3.141592653589793,
        ""
    ],
    "66": [
        34.560, 51.820,
        2.325276510629301,
        ""
    ],
    "67": [
        43.24,
        52.86,
        0.0,
        ""
    ],
    "68": [
        15.920000000000002,
        20.840000000000003,
        3.141592653589793,
        ""
    ],
    "69": [
        49.68000000000001,
        52.660000000000004,
        0.0,
        ""
    ],
    "70": [
        23.14,
        -0.6199999999999989,
        3.141592653589793,
        ""
    ]
}
