{
    "72": [
        -1.3125,
        0.9875000000000007,
        -1.5707963267948966,
        "Parede 1017"
    ],
    "73": [
        -2.0874999999999986,
        1.5625,
        3.141592653589793,
        "Porta 1017"
    ],
    "74": [
        -2.125,
        3.8500000000000014,
        3.141592653589793,
        "Porta 1016"
    ],
    "75": [
        -0.9124999999999996,
        16.325000000000003,
        0.0,
        "Meio Corredor"
    ],
    "76": [
        -2.3374999999999986,
        15.537500000000001,
        -1.5707963267948966,
        "Inicio Elevador"
    ],
    "77": [
        -2.3374999999999986,
        17.175000000000004,
        1.5707963267948966,
        "Porta Vermelha"
    ],
    "78": [
        -11.1,
        16.625,
        3.141592653589793,
        "Final Elevador"
    ],
    "79": [
        -1.487499999999999,
        31.85,
        1.5707963267948966,
        "Final Corredor"
    ]
}