{
    "0": [
        0.47692307692307495,
        3.330769230769235,
        1.5707963267948966,
        "Entrada direita"
    ],
    "1": [
        -1.292307692307692,
        3.253846153846157,
        1.5707963267948966,
        "Entrada esquerda"
    ],
    "2": [
        2.3615384615384616,
        -0.7076923076923035,
        1.5707963267948966,
        "Parede central direita"
    ],
    "3": [
        -2.40769230769231,
        -1.1692307692307662,
        1.6373644905707163,
        "Parede central esquerda"
    ],
    "4": [
        5.476923076923074,
        -0.053846153846148596,
        -0.737815060120464,
        "Sala dos professores"
    ],
    "5": [
        5.784615384615387,
        -2.59230769230769,
        -0.6310793874713285,
        "Banheiro PCD lado"
    ],
    "6": [
        5.746153846153845,
        -2.7076923076923047,
        0.7853981633974484,
        "Banheiro PCD frente"
    ],
    "7": [
        0.36153846153846064,
        -4.592307692307691,
        -1.5350972141155697,
        "Frente parece central"
    ],
    "8": [
        0.8230769230769233,
        -9.169230769230765,
        1.5350972141155745,
        "Escada"
    ],
    "9": [
        -4.02307692307692,
        -12.207692307692305,
        3.075024489813968,
        "Inicio corredor salas"
    ],
    "10": [
        -16.330769230769235,
        -17.284615384615382,
        0.03569911267932197,
        "Rampa volta"
    ],
    "11": [
        -18.523076923076925,
        -17.207692307692305,
        3.0727361642887487,
        "Rampa ida"
    ],
    "12": [
        -24.33076923076923,
        -17.976923076923075,
        -1.5707963267948966,
        "Banheiro alunos"
    ],
    "13": [
        -24.33076923076923,
        -14.707692307692305,
        1.5707963267948966,
        "Banheiro alunos Frente"
    ],
    "14": [
        -4.292307692307691,
        -16.053846153846152,
        0.06885648930104613,
        "Coluna bebedouros"
    ],
    "15": [
        4.399999999999999,
        -22.976923076923075,
        -1.6052654277944023,
        "Coluna central frente"
    ],
    "16": [
        4.5153846153846136,
        -23.63076923076923,
        1.6078164426688248,
        "Coluna central back"
    ],
    "17": [
        3.976923076923078,
        -32.09230769230769,
        -1.5707963267948966,
        "Sala PCD"
    ],
    "18":[
        -34.86923076923077,
        -17.553846153846152,
        3.1103528201595236,
        "Final corredor salas"
    ]
}
