{
    "0": [
        0.47692307692307495,
        3.330769230769235,
        1.5707963267948966,
        "Sa\u00edda esquerda"
    ],
    "1": [
        -1.2538461538461558,
        3.2153846153846204,
        1.5707963267948966,
        "Parede"
    ],
    "2": [
        2.3230769230769255,
        -0.20769230769230462,
        -1.5291537476963108,
        "Saida direita"
    ],
    "3": [
        -2.523076923076924,
        -0.7846153846153815,
        -1.5707963267948966,
        "a"
    ],
    "4": [
        2.4384615384615396,
        -0.6307692307692255,
        1.5707963267948966,
        "Saida direita"
    ],
    "5": [
        -2.523076923076924,
        -1.1307692307692299,
        1.5350972141155697,
        "Saida Esquerda"
    ],
    "6": [
        5.553846153846153,
        -0.20769230769230462,
        0.7853981633974448,
        "Parede indo direita"
    ],
    "7": [
        5.784615384615387,
        -2.6307692307692263,
        -0.6340227196634216,
        "Parede indo esquerda"
    ],
    "8": [
        5.323076923076925,
        -4.015384615384614,
        -1.4994888620096056,
        "Parede volta direita"
    ],
    "9": [
        5.284615384615383,
        -4.246153846153843,
        0.0322468824352515,
        "Parede volta esquerda"
    ],
    "10": [
        0.4384615384615387,
        -4.5153846153846136,
        -1.5707963267948966,
        "Banheiro professores"
    ],
    "11": [
        0.784615384615387,
        -9.246153846153844,
        1.5337762109209687,
        "Banheiro PCD"
    ],
    "12": [
        -4.061538461538462,
        -12.246153846153842,
        3.1045725377158653,
        "Lado auditorio"
    ],
    "13": [
        -10.715384615384615,
        -16.515384615384615,
        3.107123552590284,
        "Porta auditorio"
    ],
    "14": [
        -16.29230769230769,
        -17.246153846153845,
        0.1067356726491371,
        "Frente parede entrada"
    ],
    "15": [
        -24.33076923076923,
        -17.938461538461535,
        -1.5350972141155712,
        "Escada patio"
    ],
    "16": [
        -24.33076923076923,
        -14.707692307692305,
        1.5707963267948966,
        "Inicio corredor salas"
    ],
    "17": [
        4.361538461538463,
        -23.015384615384612,
        -1.536327225795391,
        "Inicio corredor-bebedouro"
    ],
    "18": [
        4.476923076923077,
        -23.74615384615384,
        1.5707963267948966,
        "Rampa volta"
    ],
    "19": [
        2.8615384615384607,
        -32.207692307692305,
        -1.537475330916647,
        "Chegada banheiro"
    ],
    "20": [
        -1.0615384615384635,
        -31.323076923076922,
        -3.105893540910471,
        "Saida banheiro"
    ]
}